2018-06-23 11:49:00.444900,a,a
2018-06-23 11:49:05.612366,a,helo
2018-06-23 11:49:23.895056,k,aa
2018-06-23 11:49:27.378513,k,aaa
2018-06-23 11:49:27.400428,k,aaa
2018-06-23 11:49:36.379141,k,j
2018-06-23 11:57:04.647007,a,j
2018-06-23 12:09:25.754669,a,
2018-06-23 12:09:27.834325,a,
2018-06-23 12:10:15.850511,a,‚ ‚†
2018-06-23 12:11:02.810132,a,
2018-06-23 12:16:18.889245,a,‚ ‚“‚†
2018-06-23 12:16:20.778199,a,‚ ‚†‚“‚„
2018-06-23 12:16:22.791006,a,‚“‚„‚†
2018-06-23 12:16:25.296341,a,‚ ‚„‚“‚Ó‚Ÿ‚„
2018-06-23 12:27:43.425726,a,
2018-06-23 12:27:44.463770,a,asfd
2018-06-23 12:47:29.108830,k,m
2018-06-23 12:47:34.640342,k,jjjj
2018-06-23 12:47:34.986909,k,
2018-06-23 12:47:36.680263,k,"njnn,m,m"
2018-06-23 12:47:42.393400,k,.kljkvbjkkhbvnbjkjbvncbjlkhbvnbmjkhbvn
2018-06-23 14:05:18.037536,k,
2018-06-23 14:05:21.179399,k,
2018-06-23 14:05:51.941680,k,‚ ‚ ‚“‚„‚Ó‚Ÿ
2018-06-23 14:05:54.024192,k,‚ ‚“‚„‚†
2018-06-23 14:06:22.596163,k,‚ ‚“‚„‚†
2018-06-23 14:06:29.760862,k,‚ ‚„‚†‚“
2018-06-23 14:08:03.529905,k,fghj
2018-06-23 14:08:29.051197,k,‚ ‚†‚“‚„
2018-06-23 14:08:31.229762,k,‚ ‚†‚“‚„‚ ‚“‚„‚†
2018-06-23 14:08:32.317889,k,‚ ‚†‚“‚„‚ ‚“‚„‚†
2018-06-23 14:08:36.876360,k,‚ ‚„‚†‚“
2018-06-23 14:08:54.314036,k,‚ ‚„‚“‚†
2018-06-23 14:11:15.918314,k,‚ ‚“‚†
2018-06-23 14:11:17.747452,k,‚ ‚“‚†‚Ó‚Ÿ‚“‚„
2018-06-23 14:19:27.892330,k,‚ ‚“‚„‚†
2018-06-23 14:21:38.300525,k,‚ ‚“‚†‚„
2018-06-23 14:24:06.346296,k,‚ 
2018-06-23 14:55:16.856468,k,"sdfghm,."
2018-06-23 15:16:39.235852,k,ghjk
2018-06-23 15:16:40.718516,k,hjk
2018-06-23 15:16:41.813298,k,dfghjkl;
2018-06-23 15:17:28.527770,k,sdf
2018-06-23 15:20:39.650482,a,a
2018-06-23 15:20:49.835425,b,f
2018-06-23 15:26:30.825197,a,hello
2018-06-23 15:26:38.156589,b,hello
2018-06-23 15:28:29.581233,b,k
2018-06-23 15:34:15.226426,a,fs
2018-06-23 16:41:05.273565,a,‚ ‚“‚„‚†‚„‚†
2018-06-23 17:05:25.594582,a,fsa
2018-06-23 17:29:13.361739,b,asdf
2018-06-23 17:29:17.623790,a,‚ ‚“‚†‚„
2018-06-23 17:29:28.599845,b,asdfghjkl
2018-06-23 17:37:28.427905,b,oh no
2018-06-23 17:37:36.161693,a,Hello
2018-06-23 17:37:44.759209,b,nice to meet you
2018-06-23 17:37:53.955412,a,nice to meet you too
2018-06-23 17:47:14.662316,b,asf
2018-06-23 17:47:14.694944,b,asf
2018-06-23 17:47:14.721735,b,asf
2018-06-23 17:47:16.013772,b,safs
2018-06-23 18:07:51.767637,a,‚³
2018-06-23 18:07:51.797878,a,‚³
2018-06-23 18:07:51.839470,a,‚ ‚“‚„‚†
2018-06-23 18:07:52.100033,a,‚ ‚“‚„‚†
2018-06-23 18:08:05.664947,a,‚ ‚†‚„‚“
2018-06-23 18:08:08.124552,a,‚ ‚“‚†
2018-06-23 18:08:11.663848,a,‚ ‚ ‚ 
2018-06-23 18:09:38.646063,a,‚ 
2018-06-23 18:09:46.221595,b,a
2018-06-23 18:18:38.883825,b,asdff
2018-06-23 21:09:14.573677,a,a
2018-06-23 21:09:17.471990,a,sdff
2018-06-23 21:09:39.736424,b,aaaa
2018-06-23 21:10:14.882980,b,aaaa
2018-06-23 21:14:24.073856,a,asfd
2018-06-24 01:30:57.653865,b,fasd
2018-06-24 01:30:59.797297,k,afds
2018-06-24 01:31:05.191901,b,adfadsf
2018-06-24 01:31:09.417821,k,adfasdf
2018-06-24 01:50:51.406453,k,adsf
2018-06-24 01:50:52.472775,k,asdf
2018-06-24 01:50:55.653443,k,asdfsadfas
2018-06-24 02:24:50.864818,a,sdfb
2018-06-24 02:25:06.093208,a,‚ ‚ ‚ ‚ ‚ ‚ ‚ ‚ ‚ ‚ ‚ ‚ ‚ ‚ ‚ ‚ ‚ ‚ ‚ ‚ ‚ ‚ ‚ ‚ ‚ ‚ ‚ ‚ ‚ ‚ ‚ ‚ ‚ ‚ ‚ ‚ ‚ ‚ ‚ ‚ ‚ ‚ ‚ ‚ ‚ ‚ 
2018-06-24 02:25:40.652931,a,‚ ‚“‚„‚†
2018-06-24 02:25:40.663438,a,‚ ‚“‚„‚†
2018-06-24 02:25:43.777859,a,‚ ‚“‚„‚Ó‚Ÿ‚“‚†
2018-06-24 02:25:45.344807,a,‚ ‚“‚„‚Ó‚Ÿ‚“‚„‚†‚³
2018-06-24 02:25:49.976552,a,‚ ‚“‚„‚†
2018-06-24 02:25:52.705472,a,‚ ‚“‚„‚Ó‚Ÿ‚“‚„‚†
2018-06-24 02:25:55.651649,a,‚ ‚“‚„‚Ó‚Ÿ‚“‚„
2018-06-24 02:25:56.890203,a,‚ ‚“‚„‚†
